username,password,email,ciudad
Matthew Ortega,YXH12BCU8AD,nonummy.fusce.fermentum@outlook.ca,Mitú
Blake Garcia,EDN23IGH8KX,mauris.sit@yahoo.net,Orito
Jamalia Iglesias,NNF47HSJ4GQ,id.mollis.nec@hotmail.com,Mitú
Ronan Crespo,LZL91WSH2PR,orci.ut.semper@hotmail.couk,San Vicente del Caguán
Aileen ﾑez,TRY42DML6MV,ridiculus@yahoo.net,San Andrés
Lynn Sanchez,QLF18ITN4IE,a@icloud.net,Florencia
Adam Rubio,GMP26RLB2TS,class.aptent.taciti@icloud.edu,Valledupar
Lesley Cabrera,UTA67ANM7XY,proin.vel.nisl@yahoo.ca,Santander de Quilichao
John Ramirez,FON43PXQ6JN,ornare.in@hotmail.couk,La Dorada
Odessa Gutierrez,MJW84SCD2CC,posuere@hotmail.ca,San Juan del Cesar
Alisa Muﾑoz,XJU97SIZ7KC,sed.hendrerit.a@outlook.org,Medio Atrato
Brennan ﾑez,MJM97VIU2MW,felis.orci.adipiscing@yahoo.com,San Juan de Pasto
Neville Vega,EAQ66YDP1PC,donec.nibh.enim@hotmail.org,Chiquinquirá
Shelby Gil,TCB42GZM1SW,adipiscing@hotmail.net,Cumaribo
Bevis Suarez,CDF14FBU7PO,aenean.eget@aol.org,Acacías
Genevieve Saez,PWY32SCG9BE,a.nunc@yahoo.ca,Puerto López
Ralph Leon,EMF83FJN3XB,magna.duis@icloud.com,Tame
Rama Cabrera,RXH69QHU2MY,velit.in.aliquet@hotmail.ca,Ibagué
Richard Gil,DTW88MXR8GY,sem@icloud.org,Santa Rosa de Cabal
Uriah Molina,OEK63ZIY3FQ,bibendum@protonmail.couk,Pereira
Cherokee Reyes,HWH54XCU4OG,scelerisque@outlook.ca,Agustín Codazzi
Xantha Gutierrez,PBK18YGY1EB,mauris.morbi@hotmail.org,Santa Cruz de Lorica
Illiana Ruiz,LXJ63GGE0BT,duis.ac.arcu@icloud.ca,Sabanalarga
Daphne Vila,MUU54WIQ8QD,luctus.sit@hotmail.com,La Tebaida
Brock Navarro,CHJ18VRJ5KU,purus.duis@protonmail.net,La Dorada
Quyn Rubio,CVL67OFV2IK,neque.morbi@hotmail.edu,Leticia
Malcolm Calvo,FJT01SYK8MN,morbi.non@icloud.com,Los Patios
Eliana Sanz,BIH91QSZ4EE,neque@yahoo.couk,San Juan de Pasto
Karina Ruiz,SPQ15KPG8IL,feugiat.placerat@aol.ca,Fundación
Tatyana Castro,WDN72ERJ2UY,tellus.nunc.lectus@protonmail.ca,Pereira
Juliet Ibañez,OMV84SOW3VA,lectus@aol.net,San Juan de Pasto
Adrian Gomez,HEV61CHF4WE,augue.scelerisque@icloud.org,San Vicente del Caguán
Hector Lozano,QPD16IQR7TY,cursus.a@hotmail.org,Cumaribo
Mechelle Navarro,VEF05DHJ1RS,nonummy.ultricies@yahoo.com,Sabanalarga
Neville Guerrero,SJX14HDX0YK,vel.quam@aol.org,Santa Cruz de Lorica
Regan Santos,MOI04HBB1CV,dui@aol.org,Samaniego
Sydney Flores,III46HHC6EA,ipsum.non.arcu@aol.com,Mitú
Colby Miguel,CDP63ZJH5FB,fermentum.arcu.vestibulum@icloud.com,Pacoa
Ayanna Arias,PPU83YII7YA,at.egestas@aol.edu,San Andrés
Hakeem Hernandez,QCE36NGB7EC,ultrices.a@hotmail.org,Arauca
Quinn Nieto,ZGD67MNP7JF,risus@icloud.org,Saravena
Brenna Jimenez,QVC33NSW5QF,ullamcorper@icloud.org,Cali
Maxwell Gallego,AVG01EOR4WS,purus.sapien@yahoo.net,Santa Marta
Ali Merino,PSE37DHO2OC,donec.tincidunt.donec@protonmail.edu,La Plata
Philip Herrero,ZMM38IWO4TR,pede@yahoo.ca,Barrancabermeja
Jayme Miguel,PPW26LWY1NV,rhoncus@google.org,Duitama
Nayda Nuﾑez,UTB65CHN9BM,adipiscing.fringilla.porttitor@icloud.org,Uribia
Isadora Gimenez,MPE08ZFV8BV,sed.malesuada@icloud.org,Alto Baudó
Ryan Torres,ZHB57OCB1RX,non@icloud.org,Leticia
Oleg Izquierdo,MPP71ZCL7KX,purus.gravida@protonmail.couk,Riosucio
Wayne Molina,ODV88NMT2EU,semper.et@aol.net,Calarcá
Jessica Ortiz,HTV25FIN3RN,aliquam.gravida@icloud.org,El Tambo
Jescie Molina,BKT17GMZ8QA,donec@yahoo.edu,Santander de Quilichao
Sage Gil,SFO51PJK4TI,urna.vivamus.molestie@yahoo.net,La Tebaida
Lucian Mendez,QWR55WCQ6SH,et.netus.et@icloud.ca,Fundación
Keane Jimenez,YXE62NMP4KY,cras.vehicula.aliquet@protonmail.com,Cumaribo
Ignacia Lozano,MFX88FOG0LN,lobortis.ultrices@google.org,Ibagué
Germane Lorenzo,VIV08UKR6PA,magna.lorem@google.ca,San Andrés
Keelie Sanchez,HRY44PHM7PD,sed.pede.nec@protonmail.edu,Neiva
Fritz Blanco,CCM76CTX2BP,elementum@aol.org,Barranquilla
Gwendolyn Guerrero,QXR65MWM5BB,consectetuer@outlook.ca,Pacoa
Kevyn Herrera,HIV79GZK2UG,urna.nec@protonmail.couk,Agustín Codazzi
Dara Nieto,EHI66BLF7EC,ipsum@google.edu,Istmina
Kaseem Carrasco,VNT96UAC2RL,purus.gravida.sagittis@hotmail.net,Piedecuesta
Garrison Santos,RUD33BCF1NB,nunc.nulla@outlook.couk,Ocaña
Devin Marti,KTB78IHG0HC,neque.nullam.ut@outlook.ca,Palmira
Ralph Suarez,BXY48NJI1MB,proin.mi@google.edu,Piedecuesta
Bo Santana,OEJ51HTD1XN,gravida.nunc@outlook.couk,Puerto Guzmán
Kelly Gonzalez,DBI38OOG8PP,quisque.ornare@outlook.org,Mocoa
Abbot Esteban,QUJ45DXV2PQ,molestie.tortor.nibh@icloud.edu,Barranquilla
Macaulay Peña,KRC72DCU6QT,mi.tempor@aol.ca,Manizales
Arsenio Sanchez,HRC49UEF4BI,ac.facilisis@outlook.ca,Santa Rosa de Cabal
Ezekiel Molina,IKT22TFV7AY,eros.nam@google.edu,Fundación
Dillon Ibañez,TDL98APK7DN,fermentum.convallis@yahoo.org,Villa del Rosario
Hayley Castro,AVC45CHC0PP,primis.in@yahoo.couk,Chiquinquirá
Shelby Prieto,KXD78UDY8EZ,id.mollis.nec@protonmail.ca,Cartagena del Chairá
Cole Casado,AOI32CHN1XI,erat.vivamus@icloud.org,Pereira
Camilla Vidal,OEY26EBM6UM,tempor.augue.ac@aol.org,Ipiales
Danielle Molina,TST87OJV4JE,amet@google.ca,Agustín Codazzi
Harper Duran,UYD90COK7WB,arcu@icloud.net,Ciénaga
Kasimir Carmona,OUW12EHB6UD,curabitur.ut@outlook.edu,San Juan de Girón
Florence Cano,JFJ77GYM3JU,a.enim@protonmail.couk,Quibdó
Mariko Torres,XER32HST1BC,mi.pede@icloud.ca,Istmina
Elaine Gonzalez,VRH44YXG2SV,lacus@protonmail.com,Pamplona
Octavius Vazquez,ORY53BRS2RQ,ligula.nullam@hotmail.ca,San Juan de Pasto
Ariana Martinez,NNH78GHO1KT,proin.vel@yahoo.com,Garzón
Aurora Hidalgo,VGI11TYB6AH,eget@protonmail.net,Leticia
Piper Fernandez,VKT15IGT2VB,nulla@outlook.couk,Pacoa
Tatyana Hidalgo,XXR99KXU6LB,metus.eu@icloud.com,Pamplona
Veronica Arias,SXM49GTX8MU,sagittis@google.couk,Buenaventura
Emery Gonzalez,TMH33SGB4SJ,mollis.integer@aol.com,Duitama
Wayne Bravo,SUE59IOB3RI,risus.at.fringilla@yahoo.couk,Puerto López
Dominic Santana,OIC47OIM9JK,faucibus@aol.net,Rionegro
Knox Carmona,XVB92IBB6NX,hendrerit.consectetuer.cursus@google.couk,Santa Marta
Dennis Gimenez,YMH44CDX0CL,proin@google.couk,Mitú
Hadassah Duran,HWJ83FEG6RH,sed.pede.nec@hotmail.com,La Plata
Kamal Mendez,OEI08TID5GM,at.velit.cras@yahoo.net,Granada
Dora Serrano,IJT46NVU1UG,sem.ut@icloud.org,Tierralta
Buffy Fernandez,MTJ15ACK5SE,cras.dictum@yahoo.org,Los Patios
Amethyst Bravo,RWO04IHQ4XM,non@protonmail.couk,Manizales
